1;Mundo mejor;En defensa de un planeta mas sostenible;Pepito;Sostenibilidad;29/08/2019;España;Madrid;Comunidad de Madrid;Manifestación
2;Mundo mejor;En defensa de un planeta mas sostenible;Pepito;Sostenibilidad;30/08/2019;España;Madrid;Comunidad de Madrid;Manifestación
3;Mundo mejor;En defensa de un planeta mas sostenible;Pepito;Sostenibilidad;31/08/2019;España;Madrid;Comunidad de Madrid;Manifestación
4;Mundo mejor;En defensa de un planeta mas sostenible;Pepito;Sostenibilidad;01/09/2019;España;Madrid;Comunidad de Madrid;Manifestación
5;Mundo mejor;En defensa de un planeta mas sostenible;Pepito;Sostenibilidad;02/09/2019;España;Madrid;Comunidad de Madrid;Manifestación
6;Mundo mejor;En defensa de un planeta mas sostenible;Pepito;Sostenibilidad;03/09/2019;España;Madrid;Comunidad de Madrid;Manifestación
7;Mundo mejor;En defensa de un planeta mas sostenible;Pepito;Sostenibilidad;04/09/2019;España;Madrid;Comunidad de Madrid;Manifestación
8;Mundo mejor;En defensa de un planeta mas sostenible;Pepito;Sostenibilidad;05/09/2019;España;Madrid;Comunidad de Madrid;Manifestación
9;Mundo mejor;En defensa de un planeta mas sostenible;Pepito;Sostenibilidad;06/09/2019;España;Madrid;Comunidad de Madrid;Manifestación
10;Mundo mejor;En defensa de un planeta mas sostenible;Pepito;Sostenibilidad;07/09/2019;España;Madrid;Comunidad de Madrid;Manifestación
11;Mundo mejor;En defensa de un planeta mas sostenible;Pepito;Sostenibilidad;08/09/2019;España;Madrid;Comunidad de Madrid;Manifestación
12;Mundo mejor;En defensa de un planeta mas sostenible;Pepito;Sostenibilidad;09/09/2019;España;Madrid;Comunidad de Madrid;Manifestación
13;Mundo mejor;En defensa de un planeta mas sostenible;Pepito;Sostenibilidad;10/09/2019;España;Madrid;Comunidad de Madrid;Manifestación
14;Mundo mejor;En defensa de un planeta mas sostenible;Pepito;Sostenibilidad;11/09/2019;España;Madrid;Comunidad de Madrid;Manifestación
15;Mundo mejor;En defensa de un planeta mas sostenible;Pepito;Sostenibilidad;12/09/2019;España;Madrid;Comunidad de Madrid;Manifestación
16;Mundo mejor;En defensa de un planeta mas sostenible;Pepito;Sostenibilidad;13/09/2019;España;Madrid;Comunidad de Madrid;Manifestación
17;Mundo mejor;En defensa de un planeta mas sostenible;Pepito;Sostenibilidad;14/09/2019;España;Madrid;Comunidad de Madrid;Manifestación
18;Mundo mejor;En defensa de un planeta mas sostenible;Pepito;Sostenibilidad;15/09/2019;España;Madrid;Comunidad de Madrid;Manifestación
19;Mundo mejor;En defensa de un planeta mas sostenible;Pepito;Sostenibilidad;16/09/2019;España;Madrid;Comunidad de Madrid;Manifestación
20;Mundo mejor;En defensa de un planeta mas sostenible;Pepito;Sostenibilidad;17/09/2019;España;Madrid;Comunidad de Madrid;Manifestación
21;Mundo mejor;En defensa de un planeta mas sostenible;Pepito;Sostenibilidad;18/09/2019;España;Madrid;Comunidad de Madrid;Manifestación
22;Mundo mejor;En defensa de un planeta mas sostenible;Pepito;Sostenibilidad;19/09/2019;España;Madrid;Comunidad de Madrid;Manifestación
23;Mundo mejor;En defensa de un planeta mas sostenible;Pepito;Sostenibilidad;20/09/2019;España;Madrid;Comunidad de Madrid;Manifestación
24;Mundo mejor;En defensa de un planeta mas sostenible;Pepito;Sostenibilidad;21/09/2019;España;Madrid;Comunidad de Madrid;Manifestación
25;Mundo mejor;En defensa de un planeta mas sostenible;Pepito;Sostenibilidad;22/09/2019;España;Madrid;Comunidad de Madrid;Manifestación
